CMSG_ACCEPT_LEVEL_GRANT	0x0205
CMSG_ACCEPT_TRADE	0x7110
CMSG_ACTIVATETAXI	0x6E06
CMSG_ACTIVATETAXIEXPRESS	0x0515
CMSG_ACTIVE_PVP_CHEAT	0x0399
CMSG_ADD_FRIEND	0x6527
CMSG_ADD_IGNORE	0x4726
CMSG_ADD_PVP_MEDAL_CHEAT	0x0289
CMSG_ADD_VOICE_IGNORE	0x0F06
CMSG_ADVANCE_SPAWN_TIME	0x0031
CMSG_AFK_MONITOR_INFO_CLEAR	0x0505
CMSG_AFK_MONITOR_INFO_REQUEST	0x0503
CMSG_ALTER_APPEARANCE	0x0914
CMSG_AREATRIGGER	0x0937
CMSG_AREA_SPIRIT_HEALER_QUERY	0x4907
CMSG_AREA_SPIRIT_HEALER_QUEUE	0x4815
CMSG_ARENA_TEAM_ACCEPT	0x2A25
CMSG_ARENA_TEAM_CREATE	0x0348
CMSG_ARENA_TEAM_DECLINE	0x0352
CMSG_ARENA_TEAM_DISBAND	0x0355
CMSG_ARENA_TEAM_INVITE	0x034F
CMSG_ARENA_TEAM_LEADER	0x0356
CMSG_ARENA_TEAM_LEAVE	0x0353
CMSG_ARENA_TEAM_QUERY	0x034B
CMSG_ARENA_TEAM_REMOVE	0x0354
CMSG_ARENA_TEAM_ROSTER	0x034D
CMSG_ATTACKSTOP	0x0142
CMSG_ATTACKSWING	0x0141
CMSG_AUCTION_LIST_BIDDER_ITEMS	0x0264
CMSG_AUCTION_LIST_ITEMS	0x0258
CMSG_AUCTION_LIST_OWNER_ITEMS	0x0259
CMSG_AUCTION_LIST_PENDING_SALES	0x048F
CMSG_AUCTION_PLACE_BID	0x025A
CMSG_AUCTION_REMOVE_ITEM	0x0257
CMSG_AUCTION_SELL_ITEM	0x0256
CMSG_AUTH_SESSION	0x0449
CMSG_AUTH_SRP6_BEGIN	0x0033
CMSG_AUTH_SRP6_PROOF	0x0034
CMSG_AUTH_SRP6_RECODE	0x0035
CMSG_AUTOBANK_ITEM	0x0283
CMSG_AUTOEQUIP_GROUND_ITEM	0x0106
CMSG_AUTOEQUIP_ITEM	0x010A
CMSG_AUTOEQUIP_ITEM_SLOT	0x010F
CMSG_AUTOSTORE_BAG_ITEM	0x010B
CMSG_AUTOSTORE_BANK_ITEM	0x0282
CMSG_AUTOSTORE_GROUND_ITEM	0x0107
CMSG_AUTOSTORE_LOOT_ITEM	0x0108
CMSG_BANKER_ACTIVATE	0x01B7
CMSG_BATTLEFIELD_JOIN	0x023E
CMSG_BATTLEFIELD_LIST	0x023C
CMSG_BATTLEFIELD_MANAGER_ADVANCE_STATE	0x04E9
CMSG_BATTLEFIELD_MANAGER_SET_NEXT_TRANSITION_TIME	0x04EA
CMSG_BATTLEFIELD_MGR_ENTRY_INVITE_RESPONSE	0x04DF
CMSG_BATTLEFIELD_MGR_EXIT_REQUEST	0x04E7
CMSG_BATTLEFIELD_MGR_QUEUE_INVITE_RESPONSE	0x04E2
CMSG_BATTLEFIELD_MGR_QUEUE_REQUEST	0x04E3
CMSG_BATTLEFIELD_PORT	0x02D5
CMSG_BATTLEFIELD_STATUS	0x02D3
CMSG_BATTLEMASTER_HELLO	0x02D7
CMSG_BATTLEMASTER_JOIN	0x02EE
CMSG_BATTLEMASTER_JOIN_ARENA	0x0358
CMSG_BEASTMASTER	0x0021
CMSG_BEGIN_TRADE	0x0117
CMSG_BINDER_ACTIVATE	0x01B5
CMSG_BOOTME	0x0001
CMSG_BOT_DETECTED	0x03C0
CMSG_BOT_DETECTED2	0x0000
CMSG_BUG	0x01CA
CMSG_BUSY_TRADE	0x0118
CMSG_BUYBACK_ITEM	0x0290
CMSG_BUY_BANK_SLOT	0x01B9
CMSG_BUY_ITEM	0x01A2
CMSG_BUY_ITEM_IN_SLOT	0x01A3
CMSG_BUY_LOTTERY_TICKET_OBSOLETE	0x0336
CMSG_BUY_STABLE_SLOT	0x0272
CMSG_CALENDAR_ADD_EVENT	0x042D
CMSG_CALENDAR_ARENA_TEAM	0x042C
CMSG_CALENDAR_COMPLAIN	0x0446
CMSG_CALENDAR_COPY_EVENT	0x0430
CMSG_CALENDAR_EVENT_INVITE	0x0431
CMSG_CALENDAR_EVENT_INVITE_NOTES	0x045F
CMSG_CALENDAR_EVENT_MODERATOR_STATUS	0x0435
CMSG_CALENDAR_EVENT_REMOVE_INVITE	0x0433
CMSG_CALENDAR_EVENT_RSVP	0x0432
CMSG_CALENDAR_EVENT_SIGNUP	0x04BA
CMSG_CALENDAR_EVENT_STATUS	0x0434
CMSG_CALENDAR_GET_CALENDAR	0x0429
CMSG_CALENDAR_GET_EVENT	0x042A
CMSG_CALENDAR_GET_NUM_PENDING	0x0447
CMSG_CALENDAR_GUILD_FILTER	0x042B
CMSG_CALENDAR_REMOVE_EVENT	0x042F
CMSG_CALENDAR_UPDATE_EVENT	0x042E
CMSG_CANCEL_AURA	0x0136
CMSG_CANCEL_AUTO_REPEAT_SPELL	0x026D
CMSG_CANCEL_CAST	0x012F
CMSG_CANCEL_CHANNELLING	0x013B
CMSG_CANCEL_GROWTH_AURA	0x029B
CMSG_CANCEL_MOUNT_AURA	0x0375
CMSG_CANCEL_TEMP_ENCHANTMENT	0x0379
CMSG_CANCEL_TRADE	0x731E
CMSG_CAST_SPELL	0x012E
CMSG_CHANGEPLAYER_DIFFICULTY	0x01FD
CMSG_CHANGE_GDF_ARENA_RATING	0x04AC
CMSG_CHANGE_PERSONAL_ARENA_RATING	0x0425
CMSG_CHANGE_SEATS_ON_CONTROLLED_VEHICLE	0x049B
CMSG_CHANNEL_ANNOUNCEMENTS	0x00A7
CMSG_CHANNEL_BAN	0x00A5
CMSG_CHANNEL_DISPLAY_LIST	0x03D2
CMSG_CHANNEL_INVITE	0x00A3
CMSG_CHANNEL_KICK	0x00A4
CMSG_CHANNEL_LIST	0x009A
CMSG_CHANNEL_MODERATE	0x00A8
CMSG_CHANNEL_MODERATOR	0x009F
CMSG_CHANNEL_MUTE	0x00A1
CMSG_CHANNEL_OWNER	0x009E
CMSG_CHANNEL_PASSWORD	0x009C
CMSG_CHANNEL_SET_OWNER	0x009D
CMSG_CHANNEL_SILENCE_ALL	0x03CD
CMSG_CHANNEL_SILENCE_VOICE	0x03CC
CMSG_CHANNEL_UNBAN	0x00A6
CMSG_CHANNEL_UNMODERATOR	0x00A0
CMSG_CHANNEL_UNMUTE	0x00A2
CMSG_CHANNEL_UNSILENCE_ALL	0x03CF
CMSG_CHANNEL_UNSILENCE_VOICE	0x03CE
CMSG_CHANNEL_VOICE_OFF	0x03D7
CMSG_CHANNEL_VOICE_ON	0x03D6
CMSG_CHARACTER_POINT_CHEAT	0x0223
CMSG_CHAR_CREATE	0x4A36
CMSG_CHAR_CUSTOMIZE	0x0473
CMSG_CHAR_DELETE	0x6425
CMSG_CHAR_ENUM	0x0502
CMSG_CHAR_FACTION_CHANGE	0x04D9
CMSG_CHAR_RACE_CHANGE	0x04F8
CMSG_CHAR_RENAME	0x02C7
CMSG_CHAT_FILTERED	0x0331
CMSG_CHAT_IGNORED	0x0225
CMSG_CHEAT_DUMP_ITEMS_DEBUG_ONLY	0x039A
CMSG_CHEAT_PLAYER_LOGIN	0x03C2
CMSG_CHEAT_PLAYER_LOOKUP	0x03C3
CMSG_CHEAT_SETMONEY	0x0024
CMSG_CHEAT_SET_ARENA_CURRENCY	0x037C
CMSG_CHEAT_SET_HONOR_CURRENCY	0x037B
CMSG_CHECK_LOGIN_CRITERIA	0x04A2
CMSG_CLEAR_CHANNEL_WATCH	0x03F3
CMSG_CLEAR_EXPLORATION	0x0237
CMSG_CLEAR_HOLIDAY_BG_WIN_TIME	0x051A
CMSG_CLEAR_QUEST	0x002C
CMSG_CLEAR_RANDOM_BG_WIN_TIME	0x0519
CMSG_CLEAR_SERVER_BUCK_DATA	0x041C
CMSG_CLEAR_TRADE_ITEM	0x011E
CMSG_COMMENTATOR_ENABLE	0x03B5
CMSG_COMMENTATOR_ENTER_INSTANCE	0x03BC
CMSG_COMMENTATOR_EXIT_INSTANCE	0x03BD
CMSG_COMMENTATOR_GET_MAP_INFO	0x03B7
CMSG_COMMENTATOR_GET_PLAYER_INFO	0x03B9
CMSG_COMMENTATOR_INSTANCE_COMMAND	0x03BE
CMSG_COMMENTATOR_SKIRMISH_QUEUE_COMMAND	0x051B
CMSG_COMPLAIN	0x03C7
CMSG_COMPLETE_ACHIEVEMENT_CHEAT	0x046E
CMSG_COMPLETE_CINEMATIC	0x00FC
CMSG_COMPLETE_MOVIE	0x0465
CMSG_CONTACT_LIST	0x4534
CMSG_CONTROLLER_EJECT_PASSENGER	0x04A9
CMSG_COOLDOWN_CHEAT	0x0028
CMSG_CORPSE_MAP_POSITION_QUERY	0x04B6
CMSG_CREATEGAMEOBJECT	0x0014
CMSG_CREATEITEM	0x0013
CMSG_CREATEMONSTER	0x0011
CMSG_CREATURE_QUERY	0x2706
CMSG_DANCE_QUERY	0x0451
CMSG_DBLOOKUP	0x0002
CMSG_DEBUG_ACTIONS_START	0x0315
CMSG_DEBUG_ACTIONS_STOP	0x0316
CMSG_DEBUG_AISTATE	0x002E
CMSG_DEBUG_CHANGECELLZONE	0x000C
CMSG_DEBUG_LIST_TARGETS	0x03D8
CMSG_DEBUG_PASSIVE_AURA	0x0140
CMSG_DEBUG_SERVER_GEO	0x04FB
CMSG_DECHARGE	0x0204
CMSG_DECLINE_CHANNEL_INVITE	0x0410
CMSG_DELETEEQUIPMENT_SET	0x013E
CMSG_DELETE_DANCE	0x0454
CMSG_DEL_FRIEND	0x6A15
CMSG_DEL_IGNORE	0x6D26
CMSG_DEL_PVP_MEDAL_CHEAT	0x028A
CMSG_DEL_VOICE_IGNORE	0x03DC
CMSG_DESTROYITEM	0x0111
CMSG_DESTROYMONSTER	0x0012
CMSG_DESTROY_ITEMS	0x00B2
CMSG_DISABLE_PVP_CHEAT	0x0030
CMSG_DISMISS_CONTROLLED_VEHICLE	0x046D
CMSG_DISMISS_CRITTER	0x048D
CMSG_DROP_NEW_CONNECTION	0x0513
CMSG_DUEL_ACCEPTED	0x016C
CMSG_DUEL_CANCELLED	0x016D
CMSG_DUMP_OBJECTS	0x048B
CMSG_EMOTE	0x4C26
CMSG_ENABLETAXI	0x0493
CMSG_ENABLE_DAMAGE_LOG	0x027D
CMSG_END_BATTLEFIELD_CHEAT	0x04CC
CMSG_EQUIPMENT_SET_SAVE	0x04BD
CMSG_EQUIPMENT_SET_USE	0x04D5
CMSG_EXPIRE_RAID_INSTANCE	0x0415
CMSG_FAR_SIGHT	0x027A
CMSG_FLAG_QUEST	0x002A
CMSG_FLAG_QUEST_FINISH	0x002B
CMSG_FLOOD_GRACE_CHEAT	0x0497
CMSG_FORCEACTION	0x0018
CMSG_FORCEACTIONONOTHER	0x0019
CMSG_FORCEACTIONSHOW	0x001A
CMSG_FORCE_ANIM	0x04D7
CMSG_FORCE_FLIGHT_BACK_SPEED_CHANGE_ACK	0x0384
CMSG_FORCE_FLIGHT_SPEED_CHANGE_ACK	0x0382
CMSG_FORCE_MOVE_ROOT_ACK	0x00E9
CMSG_FORCE_MOVE_UNROOT_ACK	0x00EB
CMSG_FORCE_PITCH_RATE_CHANGE_ACK	0x045D
CMSG_FORCE_RUN_BACK_SPEED_CHANGE_ACK	0x00E5
CMSG_FORCE_RUN_SPEED_CHANGE_ACK	0x00E3
CMSG_FORCE_SAY_CHEAT	0x047E
CMSG_FORCE_SWIM_BACK_SPEED_CHANGE_ACK	0x02DD
CMSG_FORCE_SWIM_SPEED_CHANGE_ACK	0x00E7
CMSG_FORCE_TURN_RATE_CHANGE_ACK	0x02DF
CMSG_FORCE_WALK_SPEED_CHANGE_ACK	0x02DB
CMSG_GAMEOBJECT_QUERY	0x4017
CMSG_GAMEOBJ_REPORT_USE	0x0481
CMSG_GAMEOBJ_USE	0x00B1
CMSG_GAMESPEED_SET	0x0000
CMSG_GAMETIME_SET	0x0000
CMSG_GETDEATHBINDZONE	0x0156
CMSG_GET_CHANNEL_MEMBER_COUNT	0x03D4
CMSG_GET_MAIL_LIST	0x023A
CMSG_GET_MIRRORIMAGE_DATA	0x0401
CMSG_GHOST	0x01E5
CMSG_GMRESPONSE_CREATE_TICKET	0x04F3
CMSG_GMRESPONSE_RESOLVE	0x04F0
CMSG_GMSURVEY_SUBMIT	0x032A
CMSG_GMTICKETSYSTEM_TOGGLE	0x029A
CMSG_GMTICKET_CREATE	0x0205
CMSG_GMTICKET_DELETETICKET	0x0217
CMSG_GMTICKET_GETTICKET	0x0211
CMSG_GMTICKET_SYSTEMSTATUS	0x021A
CMSG_GMTICKET_UPDATETEXT	0x0207
CMSG_GM_CHARACTER_RESTORE	0x03FA
CMSG_GM_CHARACTER_SAVE	0x03FB
CMSG_GM_CREATE_ITEM_TARGET	0x0210
CMSG_GM_DESTROY_ONLINE_CORPSE	0x0311
CMSG_GM_FREEZE	0x022D
CMSG_GM_GRANT_ACHIEVEMENT	0x04C4
CMSG_GM_INVIS	0x01E6
CMSG_GM_MOVECORPSE	0x022C
CMSG_GM_NUKE	0x01FA
CMSG_GM_NUKE_ACCOUNT	0x030F
CMSG_GM_NUKE_CHARACTER	0x0507
CMSG_GM_REMOVE_ACHIEVEMENT	0x04C5
CMSG_GM_REPORT_LAG	0x0502
CMSG_GM_REQUEST_PLAYER_INFO	0x022F
CMSG_GM_RESURRECT	0x022A
CMSG_GM_REVEALTO	0x0229
CMSG_GM_SET_CRITERIA_FOR_PLAYER	0x04C6
CMSG_GM_SET_SECURITY_GROUP	0x01F9
CMSG_GM_SHOW_COMPLAINTS	0x03CA
CMSG_GM_SILENCE	0x0228
CMSG_GM_SUMMONMOB	0x022B
CMSG_GM_TEACH	0x020F
CMSG_GM_UBERINVIS	0x022E
CMSG_GM_UNSQUELCH	0x03CB
CMSG_GM_UNTEACH	0x02E5
CMSG_GM_UPDATE_TICKET_STATUS	0x0327
CMSG_GM_VISION	0x0226
CMSG_GM_WHISPER	0x03B2
CMSG_GODMODE	0x0022
CMSG_GOSSIP_HELLO	0x017B
CMSG_GOSSIP_SELECT_OPTION	0x017C
CMSG_GRANT_LEVEL	0x040D
CMSG_GROUP_ACCEPT	0x0072
CMSG_GROUP_ASSISTANT_LEADER	0x028F
CMSG_GROUP_CANCEL	0x0070
CMSG_GROUP_CHANGE_SUB_GROUP	0x027E
CMSG_GROUP_DECLINE	0x0073
CMSG_GROUP_DISBAND	0x007B
CMSG_GROUP_INVITE	0x006E
CMSG_GROUP_RAID_CONVERT	0x028E
CMSG_GROUP_SET_LEADER	0x0078
CMSG_GROUP_SWAP_SUB_GROUP	0x0280
CMSG_GROUP_UNINVITE	0x0075
CMSG_GROUP_UNINVITE_GUID	0x0076
CMSG_GUILD_ACCEPT	0x0084
CMSG_GUILD_ADD_RANK	0x0232
CMSG_GUILD_BANKER_ACTIVATE	0x03E6
CMSG_GUILD_BANK_BUY_TAB	0x03EA
CMSG_GUILD_BANK_DEPOSIT_MONEY	0x03EC
CMSG_GUILD_BANK_QUERY_TAB	0x03E7
CMSG_GUILD_BANK_SWAP_ITEMS	0x03E9
CMSG_GUILD_BANK_UPDATE_TAB	0x03EB
CMSG_GUILD_BANK_WITHDRAW_MONEY	0x03ED
CMSG_GUILD_CREATE	0x0081
CMSG_GUILD_DECLINE	0x0085
CMSG_GUILD_DEL_RANK	0x0233
CMSG_GUILD_DEMOTE	0x008C
CMSG_GUILD_DISBAND	0x008F
CMSG_GUILD_INFO	0x0087
CMSG_GUILD_INFO_TEXT	0x02FC
CMSG_GUILD_INVITE	0x0082
CMSG_GUILD_LEADER	0x0090
CMSG_GUILD_LEAVE	0x008D
CMSG_GUILD_MOTD	0x0091
CMSG_GUILD_PROMOTE	0x008B
CMSG_GUILD_QUERY	0x4426
CMSG_GUILD_RANK	0x0231
CMSG_GUILD_REMOVE	0x008E
CMSG_GUILD_ROSTER	0x0089
CMSG_GUILD_SET_OFFICER_NOTE	0x0235
CMSG_GUILD_SET_PUBLIC_NOTE	0x0234
CMSG_HEARTH_AND_RESURRECT	0x049C
CMSG_IGNORE_DIMINISHING_RETURNS_CHEAT	0x0405
CMSG_IGNORE_KNOCKBACK_CHEAT	0x032C
CMSG_IGNORE_REQUIREMENTS_CHEAT	0x03A8
CMSG_IGNORE_TRADE	0x0119
CMSG_INITIATE_TRADE	0x0116
CMSG_INSPECT	0x0114
CMSG_INSTANCE_LOCK_RESPONSE	0x013F
CMSG_ITEM_NAME_QUERY	0x02C4
CMSG_ITEM_QUERY_MULTIPLE	0x0057
CMSG_ITEM_QUERY_SINGLE	0x0056
CMSG_ITEM_REFUND	0x04B4
CMSG_ITEM_REFUND_INFO	0x04B3
CMSG_ITEM_TEXT_QUERY	0x0243
CMSG_JOIN_CHANNEL	0x0097
CMSG_KEEP_ALIVE	0x0015
CMSG_LEARN_DANCE_MOVE	0x0456
CMSG_LEARN_PREVIEW_TALENTS	0x04C1
CMSG_LEARN_PREVIEW_TALENTS_PET	0x04C2
CMSG_LEARN_SPELL	0x0010
CMSG_LEARN_TALENT	0x0251
CMSG_LEAVE_BATTLEFIELD	0x02E1
CMSG_LEAVE_CHANNEL	0x0098
CMSG_LEVEL_CHEAT	0x0025
CMSG_LFD_PARTY_LOCK_INFO_REQUEST	0x0371
CMSG_LFD_PLAYER_LOCK_INFO_REQUEST	0x036E
CMSG_LFG_GET_STATUS	0x0296
CMSG_LFG_JOIN	0x035C
CMSG_LFG_LEAVE	0x035D
CMSG_LFG_PROPOSAL_RESULT	0x0362
CMSG_LFG_SET_BOOT_VOTE	0x036C
CMSG_LFG_SET_NEEDS	0x036B
CMSG_LFG_SET_ROLES	0x036A
CMSG_LFG_TELEPORT	0x0370
CMSG_LIST_INVENTORY	0x019E
CMSG_LOADING_SCREEN_NOTIFY	0x2422
CMSG_LOAD_DANCES	0x044D
CMSG_LOGOUT_CANCEL	0x2324
CMSG_LOGOUT_REQUEST	0x0A25
CMSG_LOG_DISCONNECT	0x446D
CMSG_LOOT	0x015D
CMSG_LOOT_MASTER_GIVE	0x02A3
CMSG_LOOT_METHOD	0x007A
CMSG_LOOT_MONEY	0x015E
CMSG_LOOT_RELEASE	0x015F
CMSG_LOOT_ROLL	0x02A0
CMSG_LOTTERY_QUERY_OBSOLETE	0x0334
CMSG_LUA_USAGE	0x0323
CMSG_MAELSTROM_GM_SENT_MAIL	0x0395
CMSG_MAELSTROM_INVALIDATE_CACHE	0x0387
CMSG_MAELSTROM_RENAME_GUILD	0x0400
CMSG_MAIL_CREATE_TEXT_ITEM	0x024A
CMSG_MAIL_DELETE	0x0249
CMSG_MAIL_MARK_AS_READ	0x0247
CMSG_MAIL_RETURN_TO_SENDER	0x0248
CMSG_MAIL_TAKE_ITEM	0x0246
CMSG_MAIL_TAKE_MONEY	0x0245
CMSG_MAKEMONSTERATTACKGUID	0x0016
CMSG_MESSAGECHAT	0x0095
CMSG_MINIGAME_MOVE	0x02F8
CMSG_MOUNTSPECIAL_ANIM	0x0171
CMSG_MOVE_CHARACTER_CHEAT	0x000D
CMSG_MOVE_CHARM_PORT_CHEAT	0x00E0
CMSG_MOVE_CHNG_TRANSPORT	0x038D
CMSG_MOVE_FALL_RESET	0x02CA
CMSG_MOVE_FEATHER_FALL_ACK	0x02CF
CMSG_MOVE_GRAVITY_DISABLE_ACK	0x04CF
CMSG_MOVE_GRAVITY_ENABLE_ACK	0x04D1
CMSG_MOVE_HOVER_ACK	0x00F6
CMSG_MOVE_KNOCK_BACK_ACK	0x00F0
CMSG_MOVE_NOT_ACTIVE_MOVER	0x02D1
CMSG_MOVE_SET_CAN_FLY_ACK	0x0345
CMSG_MOVE_SET_CAN_TRANSITION_BETWEEN_SWIM_AND_FLY_ACK	0x0340
CMSG_MOVE_SET_COLLISION_HGT_ACK	0x0517
CMSG_MOVE_SET_FLY	0x0346
CMSG_MOVE_SET_RAW_POSITION	0x00E1
CMSG_MOVE_SET_RUN_SPEED	0x03AB
CMSG_MOVE_SPLINE_DONE	0x02C9
CMSG_MOVE_START_SWIM_CHEAT	0x02D8
CMSG_MOVE_STOP_SWIM_CHEAT	0x02D9
CMSG_MOVE_TIME_SKIPPED	0x02CE
CMSG_MOVE_WATER_WALK_ACK	0x02D0
CMSG_NAME_QUERY	0x2224
CMSG_NEW_SPELL_SLOT	0x012D
CMSG_NEXT_CINEMATIC_CAMERA	0x00FB
CMSG_NO_SPELL_VARIANCE	0x0416
CMSG_NPC_TEXT_QUERY	0x017F
CMSG_OFFER_PETITION	0x01C3
CMSG_OPENING_CINEMATIC	0x00F9
CMSG_OPEN_ITEM	0x00AC
CMSG_OPT_OUT_OF_LOOT	0x0409
CMSG_PAGE_TEXT_QUERY	0x6614
CMSG_PARTY_SILENCE	0x03DD
CMSG_PARTY_UNSILENCE	0x03DE
CMSG_PERFORM_ACTION_SET	0x014C
CMSG_PETGODMODE	0x001C
CMSG_PETITION_BUY	0x01BD
CMSG_PETITION_QUERY	0x01C6
CMSG_PETITION_SHOWLIST	0x01BB
CMSG_PETITION_SHOW_SIGNATURES	0x01BE
CMSG_PETITION_SIGN	0x01C0
CMSG_PET_ABANDON	0x0176
CMSG_PET_ACTION	0x0175
CMSG_PET_CANCEL_AURA	0x026B
CMSG_PET_CAST_SPELL	0x01F0
CMSG_PET_LEARN_TALENT	0x047A
CMSG_PET_LEVEL_CHEAT	0x0026
CMSG_PET_NAME_QUERY	0x6F24
CMSG_PET_RENAME	0x0177
CMSG_PET_SET_ACTION	0x0174
CMSG_PET_SPELL_AUTOCAST	0x02F3
CMSG_PET_STOP_ATTACK	0x02EA
CMSG_PET_UNLEARN	0x02F0
CMSG_PET_UNLEARN_TALENTS	0x047B
CMSG_PING	0x444D
CMSG_PLAYED_TIME	0x01CC
CMSG_PLAYER_AI_CHEAT	0x026C
CMSG_PLAYER_LOGIN	0x05B1
CMSG_PLAYER_LOGOUT	0x0000
CMSG_PLAYER_VEHICLE_ENTER	0x04A8
CMSG_PLAY_DANCE	0x044B
CMSG_PROFILEDATA_REQUEST	0x04C9
CMSG_PUSHQUESTTOPARTY	0x019D
CMSG_PVP_QUEUE_STATS_REQUEST	0x04DB
CMSG_QUERY_INSPECT_ACHIEVEMENTS	0x046B
CMSG_QUERY_OBJECT_POSITION	0x0004
CMSG_QUERY_OBJECT_ROTATION	0x0006
CMSG_QUERY_QUESTS_COMPLETED	0x0500
CMSG_QUERY_SERVER_BUCK_DATA	0x041B
CMSG_QUERY_TIME	0x01CE
CMSG_QUERY_VEHICLE_STATUS	0x04A5
CMSG_QUESTGIVER_ACCEPT_QUEST	0x0189
CMSG_QUESTGIVER_CANCEL	0x0190
CMSG_QUESTGIVER_CHOOSE_REWARD	0x018E
CMSG_QUESTGIVER_COMPLETE_QUEST	0x018A
CMSG_QUESTGIVER_HELLO	0x0184
CMSG_QUESTGIVER_QUERY_QUEST	0x0186
CMSG_QUESTGIVER_QUEST_AUTOLAUNCH	0x0187
CMSG_QUESTGIVER_REQUEST_REWARD	0x018C
CMSG_QUESTGIVER_STATUS_MULTIPLE_QUERY	0x6305
CMSG_QUESTGIVER_STATUS_QUERY	0x0182
CMSG_QUESTLOG_REMOVE_QUEST	0x0194
CMSG_QUESTLOG_SWAP_QUEST	0x0193
CMSG_QUEST_CONFIRM_ACCEPT	0x019B
CMSG_QUEST_POI_QUERY	0x01E3
CMSG_QUEST_QUERY	0x005C
CMSG_READY_FOR_ACCOUNT_DATA_TIMES	0x2B16
CMSG_READ_ITEM	0x00AD
CMSG_REALM_SPLIT	0x2906
CMSG_RECHARGE	0x000F
CMSG_RECLAIM_CORPSE	0x01D2
CMSG_REDIRECTION_AUTH_PROOF	0x0512
CMSG_REDIRECTION_FAILED	0x050E
CMSG_REFER_A_FRIEND	0x040E
CMSG_REMOVE_GLYPH	0x048A
CMSG_REPAIR_ITEM	0x02A8
CMSG_REPOP_REQUEST	0x015A
CMSG_REPORT_PVP_AFK	0x03E4
CMSG_REQUEST_ACCOUNT_DATA	0x6505
CMSG_REQUEST_PARTY_MEMBER_STATS	0x027F
CMSG_REQUEST_PET_INFO	0x0279
CMSG_REQUEST_RAID_INFO	0x02CD
CMSG_REQUEST_VEHICLE_EXIT	0x0476
CMSG_REQUEST_VEHICLE_NEXT_SEAT	0x0478
CMSG_REQUEST_VEHICLE_PREV_SEAT	0x0477
CMSG_REQUEST_VEHICLE_SWITCH_SEAT	0x0479
CMSG_RESET_FACTION_CHEAT	0x0281
CMSG_RESET_INSTANCES	0x031D
CMSG_RESURRECT_RESPONSE	0x015C
CMSG_RUN_SCRIPT	0x02B5
CMSG_SAVE_PLAYER	0x0153
CMSG_SEARCH_LFG_JOIN	0x035E
CMSG_SEARCH_LFG_LEAVE	0x035F
CMSG_SELF_RES	0x02B3
CMSG_SELL_ITEM	0x01A0
CMSG_SEND_COMBAT_TRIGGER	0x0394
CMSG_SEND_EVENT	0x002D
CMSG_SEND_GENERAL_TRIGGER	0x0393
CMSG_SEND_LOCAL_EVENT	0x0392
CMSG_SEND_MAIL	0x0238
CMSG_SERVERINFO	0x04F4
CMSG_SERVERTIME	0x0000
CMSG_SERVER_BROADCAST	0x02B2
CMSG_SERVER_COMMAND	0x0227
CMSG_SERVER_INFO_QUERY	0x04A0
CMSG_SETDEATHBINDPOINT	0x0154
CMSG_SET_ACTIONBAR_TOGGLES	0x02BF
CMSG_SET_ACTION_BUTTON	0x0128
CMSG_SET_ACTIVE_MOVER	0x026A
CMSG_SET_ACTIVE_TALENT_GROUP_OBSOLETE	0x04C3
CMSG_SET_ACTIVE_VOICE_CHANNEL	0x03D3
CMSG_SET_ALLOW_LOW_LEVEL_RAID1	0x0508
CMSG_SET_ALLOW_LOW_LEVEL_RAID2	0x0509
CMSG_SET_AMMO	0x0268
CMSG_SET_ARENA_MEMBER_SEASON_GAMES	0x04B1
CMSG_SET_ARENA_MEMBER_WEEKLY_GAMES	0x04B0
CMSG_SET_ARENA_TEAM_RATING_BY_INDEX	0x04AD
CMSG_SET_ARENA_TEAM_SEASON_GAMES	0x04AF
CMSG_SET_ARENA_TEAM_WEEKLY_GAMES	0x04AE
CMSG_SET_BREATH	0x04A4
CMSG_SET_CHANNEL_WATCH	0x03EF
CMSG_SET_CHARACTER_MODEL	0x050C
CMSG_SET_CONTACT_NOTES	0x6135
CMSG_SET_CRITERIA_CHEAT	0x0470
CMSG_SET_DURABILITY_CHEAT	0x0287
CMSG_SET_EXPLORATION	0x02BE
CMSG_SET_EXPLORATION_ALL	0x031B
CMSG_SET_FACTION_ATWAR	0x0125
CMSG_SET_FACTION_CHEAT	0x0126
CMSG_SET_FACTION_INACTIVE	0x0317
CMSG_SET_GLYPH	0x0467
CMSG_SET_GLYPH_SLOT	0x0466
CMSG_SET_GRANTABLE_LEVELS	0x040C
CMSG_SET_GUILD_BANK_TEXT	0x040B
CMSG_SET_LFG_COMMENT	0x0366
CMSG_SET_PAID_SERVICE_CHEAT	0x04DD
CMSG_SET_PLAYER_DECLINED_NAMES	0x0419
CMSG_SET_PVP_RANK_CHEAT	0x0288
CMSG_SET_PVP_TITLE	0x028B
CMSG_SET_RUNE_COOLDOWN	0x0459
CMSG_SET_RUNE_COUNT	0x0458
CMSG_SET_SAVED_INSTANCE_EXTEND	0x0292
CMSG_SET_SELECTION	0x013D
CMSG_SET_SHEATHED	0x01E0
CMSG_SET_SKILL_CHEAT	0x01D8
CMSG_SET_STAT_CHEAT	0x021D
CMSG_SET_TAXI_BENCHMARK_MODE	0x0389
CMSG_SET_TITLE	0x0374
CMSG_SET_TITLE_SUFFIX	0x03F7
CMSG_SET_TRADE_GOLD	0x011F
CMSG_SET_TRADE_ITEM	0x011D
CMSG_SET_VEHICLE_REC_ID_ACK	0x0240
CMSG_SET_WATCHED_FACTION	0x0318
CMSG_SET_WORLDSTATE	0x0027
CMSG_SHOWING_CLOAK	0x02BA
CMSG_SHOWING_HELM	0x02B9
CMSG_SKILL_BUY_RANK	0x0220
CMSG_SKILL_BUY_STEP	0x021F
CMSG_SOCKET_GEMS	0x0347
CMSG_SPELLCLICK	0x03F8
CMSG_SPIRIT_HEALER_ACTIVATE	0x021C
CMSG_SPLIT_ITEM	0x010E
CMSG_STABLE_PET	0x0270
CMSG_STABLE_REVIVE_PET	0x0274
CMSG_STABLE_SWAP_PET	0x0275
CMSG_STANDSTATECHANGE	0x0101
CMSG_START_BATTLEFIELD_CHEAT	0x04CB
CMSG_START_QUEST	0x0489
CMSG_STOP_DANCE	0x044E
CMSG_STORE_LOOT_IN_SLOT	0x0109
CMSG_SUMMON_RESPONSE	0x02AC
CMSG_SUSPEND_COMMS_ACK	0x0510
CMSG_SWAP_INV_ITEM	0x010D
CMSG_SWAP_ITEM	0x010C
CMSG_SYNC_DANCE	0x0450
CMSG_TARGET_CAST	0x03D0
CMSG_TARGET_SCRIPT_CAST	0x03D1
CMSG_TAXICLEARALLNODES	0x01A6
CMSG_TAXICLEARNODE	0x0241
CMSG_TAXIENABLEALLNODES	0x01A7
CMSG_TAXIENABLENODE	0x0242
CMSG_TAXINODE_STATUS_QUERY	0x01AA
CMSG_TAXIQUERYAVAILABLENODES	0x01AC
CMSG_TAXISHOWNODES	0x01A8
CMSG_TELEPORT_TO_UNIT	0x4206
CMSG_TEST_DROP_RATE	0x0294
CMSG_TEXT_EMOTE	0x0104
CMSG_TIME_SYNC_RESP	0x3B0C
CMSG_TOGGLE_PVP	0x0253
CMSG_TOGGLE_XP_GAIN	0x04EC
CMSG_TOTEM_DESTROYED	0x0414
CMSG_TRAINER_BUY_SPELL	0x01B2
CMSG_TRAINER_LIST	0x01B0
CMSG_TRIGGER_CINEMATIC_CHEAT	0x00F8
CMSG_TURN_IN_PETITION	0x01C4
CMSG_TUTORIAL_CLEAR	0x00FF
CMSG_TUTORIAL_FLAG	0x00FE
CMSG_TUTORIAL_RESET	0x0100
CMSG_UNACCEPT_TRADE	0x011B
CMSG_UNCLAIM_LICENSE	0x0110
CMSG_UNDRESSPLAYER	0x0020
CMSG_UNITANIMTIER_CHEAT	0x0472
CMSG_UNLEARN_DANCE_MOVE	0x0457
CMSG_UNLEARN_SKILL	0x0202
CMSG_UNLEARN_SPELL	0x0201
CMSG_UNLEARN_TALENTS	0x0213
CMSG_UNSTABLE_PET	0x0271
CMSG_UNUSED5	0x04B8
CMSG_UNUSED6	0x04B9
CMSG_UPDATE_ACCOUNT_DATA	0x4736
CMSG_UPDATE_MISSILE_TRAJECTORY	0x0462
CMSG_UPDATE_PROJECTILE_POSITION	0x04BE
CMSG_USE_ITEM	0x00AB
CMSG_USE_SKILL_CHEAT	0x0029
CMSG_VIOLENCE_LEVEL	0x7816
CMSG_VOICE_SESSION_ENABLE	0x03AF
CMSG_VOICE_SET_TALKER_MUTED_REQUEST	0x03A1
CMSG_WARDEN_DATA	0x25A2
CMSG_WEATHER_SPEED_CHEAT	0x001F
CMSG_WHO	0x6C15
CMSG_WHOIS	0x6B05
CMSG_WORLD_STATE_UI_TIMER_UPDATE	0x04F6
CMSG_WORLD_TELEPORT	0x24B2
CMSG_WRAP_ITEM	0x01D3
CMSG_XP_CHEAT	0x0221
CMSG_ZONEUPDATE	0x01F4
CMSG_ZONE_MAP	0x000A
MSG_AUCTION_HELLO	0x0255
MSG_BATTLEGROUND_PLAYER_POSITIONS	0x02E9
MSG_CHANNEL_START	0x0139
MSG_CHANNEL_UPDATE	0x013A
MSG_CORPSE_QUERY	0x0216
MSG_DELAY_GHOST_TELEPORT	0x032E
MSG_DEV_SHOWLABEL	0x02AD
MSG_GM_ACCOUNT_ONLINE	0x026E
MSG_GM_BIND_OTHER	0x01E8
MSG_GM_CHANGE_ARENA_RATING	0x040F
MSG_GM_DESTROY_CORPSE	0x0310
MSG_GM_GEARRATING	0x03B4
MSG_GM_RESETINSTANCELIMIT	0x033C
MSG_GM_SHOWLABEL	0x01EF
MSG_GM_SUMMON	0x01E9
MSG_GUILD_BANK_LOG_QUERY	0x03EE
MSG_GUILD_BANK_MONEY_WITHDRAWN	0x03FE
MSG_GUILD_EVENT_LOG_QUERY	0x03FF
MSG_GUILD_PERMISSIONS	0x03FD
MSG_INSPECT_ARENA_TEAMS	0x0377
MSG_INSPECT_HONOR_STATS	0x02D6
MSG_LIST_STABLED_PETS	0x026F
MSG_MINIMAP_PING	0x01D5
MSG_MOVE_FALL_LAND	0x00C9
MSG_MOVE_FEATHER_FALL	0x02B0
MSG_MOVE_GRAVITY_CHNG	0x04D2
MSG_MOVE_HEARTBEAT	0x00EE
MSG_MOVE_HOVER	0x00F7
MSG_MOVE_JUMP	0x00BB
MSG_MOVE_KNOCK_BACK	0x00F1
MSG_MOVE_ROOT	0x00EC
MSG_MOVE_SET_ALL_SPEED_CHEAT	0x00D6
MSG_MOVE_SET_COLLISION_HGT	0x0518
MSG_MOVE_SET_FACING	0x00DA
MSG_MOVE_SET_FLIGHT_BACK_SPEED	0x0380
MSG_MOVE_SET_FLIGHT_BACK_SPEED_CHEAT	0x037F
MSG_MOVE_SET_FLIGHT_SPEED	0x037E
MSG_MOVE_SET_FLIGHT_SPEED_CHEAT	0x037D
MSG_MOVE_SET_PITCH	0x00DB
MSG_MOVE_SET_PITCH_RATE	0x045B
MSG_MOVE_SET_PITCH_RATE_CHEAT	0x045A
MSG_MOVE_SET_RUN_BACK_SPEED	0x00CF
MSG_MOVE_SET_RUN_BACK_SPEED_CHEAT	0x00CE
MSG_MOVE_SET_RUN_MODE	0x00C2
MSG_MOVE_SET_RUN_SPEED	0x00CD
MSG_MOVE_SET_RUN_SPEED_CHEAT	0x00CC
MSG_MOVE_SET_SWIM_BACK_SPEED	0x00D5
MSG_MOVE_SET_SWIM_BACK_SPEED_CHEAT	0x00D4
MSG_MOVE_SET_SWIM_SPEED	0x00D3
MSG_MOVE_SET_SWIM_SPEED_CHEAT	0x00D2
MSG_MOVE_SET_TURN_RATE	0x00D8
MSG_MOVE_SET_TURN_RATE_CHEAT	0x00D7
MSG_MOVE_SET_WALK_MODE	0x00C3
MSG_MOVE_SET_WALK_SPEED	0x00D1
MSG_MOVE_SET_WALK_SPEED_CHEAT	0x00D0
MSG_MOVE_START_ASCEND	0x0359
MSG_MOVE_START_BACKWARD	0x00B6
MSG_MOVE_START_DESCEND	0x03A7
MSG_MOVE_START_FORWARD	0x00B5
MSG_MOVE_START_PITCH_DOWN	0x00C0
MSG_MOVE_START_PITCH_UP	0x00BF
MSG_MOVE_START_STRAFE_LEFT	0x00B8
MSG_MOVE_START_STRAFE_RIGHT	0x00B9
MSG_MOVE_START_SWIM	0x00CA
MSG_MOVE_START_SWIM_CHEAT	0x0341
MSG_MOVE_START_TURN_LEFT	0x00BC
MSG_MOVE_START_TURN_RIGHT	0x00BD
MSG_MOVE_STOP	0x00B7
MSG_MOVE_STOP_ASCEND	0x035A
MSG_MOVE_STOP_PITCH	0x00C1
MSG_MOVE_STOP_STRAFE	0x00BA
MSG_MOVE_STOP_SWIM	0x00CB
MSG_MOVE_STOP_SWIM_CHEAT	0x0342
MSG_MOVE_STOP_TURN	0x00BE
MSG_MOVE_TELEPORT	0x00C5
MSG_MOVE_TELEPORT_ACK	0x00C7
MSG_MOVE_TELEPORT_CHEAT	0x00C6
MSG_MOVE_TIME_SKIPPED	0x0319
MSG_MOVE_TOGGLE_COLLISION_CHEAT	0x00D9
MSG_MOVE_TOGGLE_FALL_LOGGING	0x00C8
MSG_MOVE_TOGGLE_LOGGING	0x00C4
MSG_MOVE_UNROOT	0x00ED
MSG_MOVE_UPDATE_CAN_FLY	0x03AD
MSG_MOVE_UPDATE_CAN_TRANSITION_BETWEEN_SWIM_AND_FLY	0x034A
MSG_MOVE_WATER_WALK	0x02B1
MSG_MOVE_WORLDPORT_ACK	0x00DC
MSG_NOTIFY_PARTY_SQUELCH	0x03DF
MSG_PARTY_ASSIGNMENT	0x038E
MSG_PETITION_DECLINE	0x01C2
MSG_PETITION_RENAME	0x02C1
MSG_PVP_LOG_DATA	0x02E0
MSG_QUERY_GUILD_BANK_TEXT	0x040A
MSG_QUERY_NEXT_MAIL_TIME	0x0284
MSG_QUEST_PUSH_RESULT	0x0276
MSG_RAID_READY_CHECK	0x0322
MSG_RAID_READY_CHECK_CONFIRM	0x03AE
MSG_RAID_READY_CHECK_FINISHED	0x03C6
MSG_RAID_TARGET_UPDATE	0x0321
MSG_RANDOM_ROLL	0x01FB
MSG_SAVE_GUILD_EMBLEM	0x01F1
MSG_SET_DUNGEON_DIFFICULTY	0x4925
MSG_SET_RAID_DIFFICULTY	0x04EB
MSG_TABARDVENDOR_ACTIVATE	0x01F2
MSG_TALENT_WIPE_CONFIRM	0x02AA
MSG_VIEW_PHASE_SHIFT	0x04F9
SMSG_ACCOUNT_DATA_TIMES	0x4B05
SMSG_ACHIEVEMENT_DELETED	0x049F
SMSG_ACHIEVEMENT_EARNED	0x0468
SMSG_ACTIVATETAXIREPLY	0x01AE
SMSG_ADDON_INFO	0x2C14
SMSG_ADD_RUNE_POWER	0x0488
SMSG_AFK_MONITOR_INFO_RESPONSE	0x0504
SMSG_AI_REACTION	0x013C
SMSG_ALL_ACHIEVEMENT_DATA	0x58B1
SMSG_AREA_SPIRIT_HEALER_TIME	0x02E4
SMSG_AREA_TRIGGER_MESSAGE	0x02B8
SMSG_ARENA_ERROR	0x0376
SMSG_ARENA_TEAM_CHANGE_FAILED_QUEUED	0x04C8
SMSG_ARENA_TEAM_COMMAND_RESULT	0x0349
SMSG_ARENA_TEAM_EVENT	0x0357
SMSG_ARENA_TEAM_INVITE	0x0350
SMSG_ARENA_TEAM_QUERY_RESPONSE	0x034C
SMSG_ARENA_TEAM_ROSTER	0x034E
SMSG_ARENA_TEAM_STATS	0x035B
SMSG_ARENA_UNIT_DESTROYED	0x04C7
SMSG_ATTACKERSTATEUPDATE	0x014A
SMSG_ATTACKSTART	0x0143
SMSG_ATTACKSTOP	0x0144
SMSG_ATTACKSWING_BADFACING	0x0146
SMSG_ATTACKSWING_CANT_ATTACK	0x0149
SMSG_ATTACKSWING_DEADTARGET	0x0148
SMSG_ATTACKSWING_NOTINRANGE	0x0145
SMSG_AUCTION_BIDDER_LIST_RESULT	0x0265
SMSG_AUCTION_BIDDER_NOTIFICATION	0x025E
SMSG_AUCTION_COMMAND_RESULT	0x025B
SMSG_AUCTION_LIST_PENDING_SALES	0x0490
SMSG_AUCTION_LIST_RESULT	0x025C
SMSG_AUCTION_OWNER_LIST_RESULT	0x025D
SMSG_AUCTION_OWNER_NOTIFICATION	0x025F
SMSG_AUCTION_REMOVED_NOTIFICATION	0x028D
SMSG_AURACASTLOG	0x01D1
SMSG_AURA_UPDATE	0x0496
SMSG_AURA_UPDATE_ALL	0x6916
SMSG_AUTH_CHALLENGE	0x4542
SMSG_AUTH_RESPONSE	0x5DB6
SMSG_AUTH_SRP6_RESPONSE	0x0039
SMSG_AVAILABLE_VOICE_CHANNEL	0x03DA
SMSG_BARBER_SHOP_RESULT	0x0428
SMSG_BATTLEFIELD_LIST	0x023D
SMSG_BATTLEFIELD_MGR_EJECTED	0x04E6
SMSG_BATTLEFIELD_MGR_EJECT_PENDING	0x04E5
SMSG_BATTLEFIELD_MGR_ENTERED	0x04E0
SMSG_BATTLEFIELD_MGR_ENTRY_INVITE	0x04DE
SMSG_BATTLEFIELD_MGR_QUEUE_INVITE	0x04E1
SMSG_BATTLEFIELD_MGR_QUEUE_REQUEST_RESPONSE	0x04E4
SMSG_BATTLEFIELD_MGR_STATE_CHANGE	0x04E8
SMSG_BATTLEFIELD_PORT_DENIED	0x014B
SMSG_BATTLEFIELD_STATUS	0x02D4
SMSG_BATTLEGROUND_INFO_THROTTLED	0x04A6
SMSG_BATTLEGROUND_PLAYER_JOINED	0x02EC
SMSG_BATTLEGROUND_PLAYER_LEFT	0x02ED
SMSG_BINDER_CONFIRM	0x02EB
SMSG_BINDZONEREPLY	0x0157
SMSG_BIND_POINT_UPDATE	0x0527
SMSG_BREAK_TARGET	0x0152
SMSG_BUY_BANK_SLOT_RESULT	0x01BA
SMSG_BUY_FAILED	0x01A5
SMSG_BUY_ITEM	0x01A4
SMSG_CALENDAR_ARENA_TEAM	0x0439
SMSG_CALENDAR_CLEAR_PENDING_ACTION	0x04BB
SMSG_CALENDAR_COMMAND_RESULT	0x043D
SMSG_CALENDAR_EVENT_INVITE	0x043A
SMSG_CALENDAR_EVENT_INVITE_ALERT	0x0440
SMSG_CALENDAR_EVENT_INVITE_NOTES	0x0460
SMSG_CALENDAR_EVENT_INVITE_NOTES_ALERT	0x0461
SMSG_CALENDAR_EVENT_INVITE_REMOVED	0x043B
SMSG_CALENDAR_EVENT_INVITE_REMOVED_ALERT	0x0441
SMSG_CALENDAR_EVENT_INVITE_STATUS_ALERT	0x0442
SMSG_CALENDAR_EVENT_MODERATOR_STATUS_ALERT	0x0445
SMSG_CALENDAR_EVENT_REMOVED_ALERT	0x0443
SMSG_CALENDAR_EVENT_STATUS	0x043C
SMSG_CALENDAR_EVENT_UPDATED_ALERT	0x0444
SMSG_CALENDAR_FILTER_GUILD	0x0438
SMSG_CALENDAR_RAID_LOCKOUT_ADDED	0x043E
SMSG_CALENDAR_RAID_LOCKOUT_REMOVED	0x043F
SMSG_CALENDAR_RAID_LOCKOUT_UPDATED	0x0471
SMSG_CALENDAR_SEND_CALENDAR	0x0436
SMSG_CALENDAR_SEND_EVENT	0x0437
SMSG_CALENDAR_SEND_NUM_PENDING	0x0448
SMSG_CAMERA_SHAKE	0x050A
SMSG_CANCEL_AUTO_REPEAT	0x029C
SMSG_CANCEL_COMBAT	0x014E
SMSG_CAST_FAILED	0x0130
SMSG_CHANGEPLAYER_DIFFICULTY_RESULT	0x020E
SMSG_CHANNEL_LIST	0x009B
SMSG_CHANNEL_MEMBER_COUNT	0x03D5
SMSG_CHANNEL_NOTIFY	0x0099
SMSG_CHARACTER_LOGIN_FAILED	0x4417
SMSG_CHARACTER_PROFILE	0x0338
SMSG_CHARACTER_PROFILE_REALM_CONNECTED	0x0339
SMSG_CHAR_CREATE	0x2D05
SMSG_CHAR_CUSTOMIZE	0x0474
SMSG_CHAR_DELETE	0x003C
SMSG_CHAR_ENUM	0x10B0
SMSG_CHAR_FACTION_CHANGE	0x04DA
SMSG_CHAR_RENAME	0x02C8
SMSG_CHAT_NOT_IN_PARTY	0x0299
SMSG_CHAT_PLAYER_AMBIGUOUS	0x032D
SMSG_CHAT_PLAYER_NOT_FOUND	0x02A9
SMSG_CHAT_RESTRICTED	0x02FD
SMSG_CHAT_SERVER_MESSAGE	0x0291
SMSG_CHAT_WRONG_FACTION	0x0219
SMSG_CHEAT_DUMP_ITEMS_DEBUG_ONLY_RESPONSE	0x039B
SMSG_CHEAT_DUMP_ITEMS_DEBUG_ONLY_RESPONSE_WRITE_FILE	0x039C
SMSG_CHEAT_PLAYER_LOOKUP	0x03C4
SMSG_CHECK_FOR_BOTS	0x0000
SMSG_CLEAR_COOLDOWN	0x01DE
SMSG_CLEAR_EXTRA_AURA_INFO_OBSOLETE	0x03A6
SMSG_CLEAR_FAR_SIGHT_IMMEDIATE	0x020D
SMSG_CLEAR_TARGET	0x03BF
SMSG_CLIENTCACHE_VERSION	0x2734
SMSG_CLIENT_CONTROL_UPDATE	0x2837
SMSG_COMBAT_EVENT_FAILED	0x0261
SMSG_COMMENTATOR_GET_PLAYER_INFO	0x03BA
SMSG_COMMENTATOR_MAP_INFO	0x03B8
SMSG_COMMENTATOR_PLAYER_INFO	0x03BB
SMSG_COMMENTATOR_SKIRMISH_QUEUE_RESULT1	0x051C
SMSG_COMMENTATOR_SKIRMISH_QUEUE_RESULT2	0x051D
SMSG_COMMENTATOR_STATE_CHANGED	0x03B6
SMSG_COMPLAIN_RESULT	0x03C8
SMSG_COMPRESSED_MOVES	0x02FB
SMSG_COMPRESSED_UPDATE_OBJECT	0x01F6
SMSG_COMSAT_CONNECT_FAIL	0x03E2
SMSG_COMSAT_DISCONNECT	0x03E1
SMSG_COMSAT_RECONNECT_TRY	0x03E0
SMSG_CONTACT_LIST	0x6017
SMSG_CONVERT_RUNE	0x0486
SMSG_COOLDOWN_CHEAT	0x01E1
SMSG_COOLDOWN_EVENT	0x0135
SMSG_CORPSE_MAP_POSITION_QUERY_RESPONSE	0x04B7
SMSG_CORPSE_NOT_IN_INSTANCE	0x0506
SMSG_CORPSE_RECLAIM_DELAY	0x0269
SMSG_CREATURE_QUERY_RESPONSE	0x6024
SMSG_CRITERIA_DELETED	0x049E
SMSG_CRITERIA_UPDATE	0x046A
SMSG_CROSSED_INEBRIATION_THRESHOLD	0x03C1
SMSG_DAMAGE_CALC_LOG	0x027C
SMSG_DANCE_QUERY_RESPONSE	0x0452
SMSG_DBLOOKUP	0x0003
SMSG_DEATH_RELEASE_LOC	0x0378
SMSG_DEBUGAURAPROC	0x024D
SMSG_DEBUG_AISTATE	0x002F
SMSG_DEBUG_LIST_TARGETS	0x03D9
SMSG_DEBUG_SERVER_GEO	0x04FC
SMSG_DEFENSE_MESSAGE	0x033A
SMSG_DESTROY_OBJECT	0x4724
SMSG_DESTRUCTIBLE_BUILDING_DAMAGE	0x4825
SMSG_DISMOUNT	0x03AC
SMSG_DISMOUNTRESULT	0x016F
SMSG_DISPEL_FAILED	0x0262
SMSG_DUEL_COMPLETE	0x016A
SMSG_DUEL_COUNTDOWN	0x02B7
SMSG_DUEL_INBOUNDS	0x0169
SMSG_DUEL_OUTOFBOUNDS	0x0168
SMSG_DUEL_REQUESTED	0x0167
SMSG_DUEL_WINNER	0x016B
SMSG_DUMP_OBJECTS_DATA	0x048C
SMSG_DURABILITY_DAMAGE_DEATH	0x02BD
SMSG_DYNAMIC_DROP_ROLL_RESULT	0x0469
SMSG_ECHO_PARTY_SQUELCH	0x03F6
SMSG_EMOTE	0x0A34
SMSG_ENABLE_BARBER_SHOP	0x0427
SMSG_ENCHANTMENTLOG	0x01D7
SMSG_ENVIRONMENTAL_DAMAGE_LOG	0x01FC
SMSG_EQUIPMENT_SET_LIST	0x2E04
SMSG_EQUIPMENT_SET_SAVED	0x0137
SMSG_EQUIPMENT_SET_USE_RESULT	0x04D6
SMSG_EXPECTED_SPAM_RECORDS	0x0332
SMSG_EXPLORATION_EXPERIENCE	0x01F8
SMSG_FEATURE_SYSTEM_STATUS	0x3DB7
SMSG_FEIGN_DEATH_RESISTED	0x02B4
SMSG_FISH_ESCAPED	0x01C9
SMSG_FISH_NOT_HOOKED	0x01C8
SMSG_FLIGHT_SPLINE_SYNC	0x0388
SMSG_FORCEACTIONSHOW	0x6126
SMSG_FORCED_DEATH_UPDATE	0x037A
SMSG_FORCE_ANIM	0x04D8
SMSG_FORCE_DISPLAY_UPDATE	0x0403
SMSG_FORCE_FLIGHT_BACK_SPEED_CHANGE	0x0383
SMSG_FORCE_FLIGHT_SPEED_CHANGE	0x0381
SMSG_FORCE_MOVE_ROOT	0x00E8
SMSG_FORCE_MOVE_UNROOT	0x00EA
SMSG_FORCE_PITCH_RATE_CHANGE	0x045C
SMSG_FORCE_RUN_BACK_SPEED_CHANGE	0x00E4
SMSG_FORCE_RUN_SPEED_CHANGE	0x00E2
SMSG_FORCE_SEND_QUEUED_PACKETS	0x0511
SMSG_FORCE_SET_VEHICLE_REC_ID	0x023F
SMSG_FORCE_SWIM_BACK_SPEED_CHANGE	0x02DC
SMSG_FORCE_SWIM_SPEED_CHANGE	0x00E6
SMSG_FORCE_TURN_RATE_CHANGE	0x02DE
SMSG_FORCE_WALK_SPEED_CHANGE	0x02DA
SMSG_FRIEND_STATUS	0x0717
SMSG_GAMEOBJECT_CUSTOM_ANIM	0x00B3
SMSG_GAMEOBJECT_DESPAWN_ANIM	0x0215
SMSG_GAMEOBJECT_PAGETEXT	0x01DF
SMSG_GAMEOBJECT_QUERY_RESPONSE	0x0915
SMSG_GAMEOBJECT_RESET_STATE	0x02A7
SMSG_GAMESPEED_SET	0x4E34
SMSG_GAMETIMEBIAS_SET	0x0314
SMSG_GAMETIME_SET	0x0014
SMSG_GAMETIME_UPDATE	0x4127
SMSG_GHOSTEE_GONE	0x0326
SMSG_GMRESPONSE_CREATE_TICKET	0x04F2
SMSG_GMRESPONSE_DB_ERROR	0x04EE
SMSG_GMRESPONSE_RECEIVED	0x04EF
SMSG_GMRESPONSE_STATUS_UPDATE	0x04F1
SMSG_GMTICKET_CREATE	0x0206
SMSG_GMTICKET_DELETETICKET	0x0218
SMSG_GMTICKET_GETTICKET	0x0212
SMSG_GMTICKET_SYSTEMSTATUS	0x021B
SMSG_GMTICKET_UPDATETEXT	0x0208
SMSG_GM_MESSAGECHAT	0x03B3
SMSG_GM_PLAYER_INFO	0x0230
SMSG_GM_TICKET_STATUS_UPDATE	0x0328
SMSG_GODMODE	0x0405
SMSG_GOGOGO_OBSOLETE	0x03F5
SMSG_GOSSIP_COMPLETE	0x017E
SMSG_GOSSIP_MESSAGE	0x017D
SMSG_GOSSIP_POI	0x0224
SMSG_GROUPACTION_THROTTLED	0x0411
SMSG_GROUP_CANCEL	0x0071
SMSG_GROUP_DECLINE	0x0074
SMSG_GROUP_DESTROYED	0x007C
SMSG_GROUP_INVITE	0x006F
SMSG_GROUP_JOINED_BATTLEGROUND	0x02E8
SMSG_GROUP_LIST	0x007D
SMSG_GROUP_SET_LEADER	0x0079
SMSG_GROUP_UNINVITE	0x0077
SMSG_GUILD_BANK_LIST	0x03E8
SMSG_GUILD_COMMAND_RESULT	0x0093
SMSG_GUILD_DECLINE	0x0086
SMSG_GUILD_EVENT	0x0092
SMSG_GUILD_INFO	0x0088
SMSG_GUILD_INVITE	0x0083
SMSG_GUILD_QUERY_RESPONSE	0x0055
SMSG_GUILD_ROSTER	0x008A
SMSG_HEALTH_UPDATE	0x047F
SMSG_HIGHEST_THREAT_UPDATE	0x0482
SMSG_HOTFIX_NOTIFY_BLOB	0x19B5
SMSG_IGNORE_DIMINISHING_RETURNS_CHEAT	0x0406
SMSG_IGNORE_REQUIREMENTS_CHEAT	0x03A9
SMSG_INITIALIZE_FACTIONS	0x4634
SMSG_INIT_EXTRA_AURA_INFO_OBSOLETE	0x03A3
SMSG_INIT_WORLD_STATES	0x4C15
SMSG_INSPECT_RESULTS_UPDATE	0x0115
SMSG_INSPECT_TALENT	0x03F4
SMSG_INSTANCE_LOCK_WARNING_QUERY	0x0147
SMSG_INSTANCE_RESET	0x031E
SMSG_INSTANCE_RESET_FAILED	0x031F
SMSG_INSTANCE_SAVE_CREATED	0x02CB
SMSG_INVALIDATE_DANCE	0x0453
SMSG_INVALIDATE_PLAYER	0x031C
SMSG_INVALID_PROMOTION_CODE	0x01E7
SMSG_INVENTORY_CHANGE_FAILURE	0x0112
SMSG_ITEM_COOLDOWN	0x00B0
SMSG_ITEM_ENCHANT_TIME_UPDATE	0x01EB
SMSG_ITEM_NAME_QUERY_RESPONSE	0x02C5
SMSG_ITEM_PUSH_RESULT	0x0166
SMSG_ITEM_QUERY_MULTIPLE_RESPONSE	0x0059
SMSG_ITEM_QUERY_SINGLE_RESPONSE	0x0058
SMSG_ITEM_REFUND_INFO_RESPONSE	0x04B2
SMSG_ITEM_REFUND_RESULT	0x04B5
SMSG_ITEM_TEXT_QUERY_RESPONSE	0x0244
SMSG_ITEM_TIME_UPDATE	0x01EA
SMSG_JOINED_BATTLEGROUND_QUEUE	0x038A
SMSG_KICK_REASON	0x03C5
SMSG_LEARNED_DANCE_MOVES	0x0E05
SMSG_LEARNED_SPELL	0x012B
SMSG_LEVELUP_INFO	0x01D4
SMSG_LFG_BOOT_PROPOSAL_UPDATE	0x036D
SMSG_LFG_DISABLED	0x0398
SMSG_LFG_JOIN_RESULT	0x0364
SMSG_LFG_OFFER_CONTINUE	0x0293
SMSG_LFG_PARTY_INFO	0x0372
SMSG_LFG_PLAYER_INFO	0x036F
SMSG_LFG_PLAYER_REWARD	0x01FF
SMSG_LFG_PROPOSAL_UPDATE	0x0361
SMSG_LFG_QUEUE_STATUS	0x0365
SMSG_LFG_ROLE_CHECK_UPDATE	0x0363
SMSG_LFG_ROLE_CHOSEN	0x02BB
SMSG_LFG_TELEPORT_DENIED	0x0200
SMSG_LFG_UPDATE_PARTY	0x0368
SMSG_LFG_UPDATE_PLAYER	0x0367
SMSG_LFG_UPDATE_SEARCH	0x0369
SMSG_LIST_INVENTORY	0x019F
SMSG_LOGIN_SET_TIME_SPEED	0x4D15
SMSG_LOGIN_VERIFY_WORLD	0x2005
SMSG_LOGOUT_CANCEL_ACK	0x6514
SMSG_LOGOUT_COMPLETE	0x2137
SMSG_LOGOUT_RESPONSE	0x0524
SMSG_LOG_XPGAIN	0x01D0
SMSG_LOOT_ALL_PASSED	0x029E
SMSG_LOOT_CLEAR_MONEY	0x0165
SMSG_LOOT_ITEM_NOTIFY	0x0164
SMSG_LOOT_LIST	0x03F9
SMSG_LOOT_MASTER_LIST	0x02A4
SMSG_LOOT_MONEY_NOTIFY	0x0163
SMSG_LOOT_RELEASE_RESPONSE	0x0161
SMSG_LOOT_REMOVED	0x0162
SMSG_LOOT_RESPONSE	0x0160
SMSG_LOOT_ROLL	0x02A2
SMSG_LOOT_ROLL_WON	0x029F
SMSG_LOOT_SLOT_CHANGED	0x04FD
SMSG_LOOT_START_ROLL	0x02A1
SMSG_LOTTERY_QUERY_RESULT_OBSOLETE	0x0335
SMSG_LOTTERY_RESULT_OBSOLETE	0x0337
SMSG_MAIL_LIST_RESULT	0x023B
SMSG_MESSAGECHAT	0x0096
SMSG_MINIGAME_MOVE_FAILED	0x02F9
SMSG_MINIGAME_SETUP	0x02F6
SMSG_MINIGAME_STATE	0x02F7
SMSG_MIRRORIMAGE_DATA	0x0402
SMSG_MODIFY_COOLDOWN	0x0491
SMSG_MONSTER_MOVE	0x6E17
SMSG_MONSTER_MOVE_TRANSPORT	0x02AE
SMSG_MOTD	0x0A35
SMSG_MOUNTRESULT	0x016E
SMSG_MOUNTSPECIAL_ANIM	0x0172
SMSG_MOVE_CHARACTER_CHEAT	0x000E
SMSG_MOVE_FEATHER_FALL	0x00F2
SMSG_MOVE_GRAVITY_DISABLE	0x04CE
SMSG_MOVE_GRAVITY_ENABLE	0x04D0
SMSG_MOVE_KNOCK_BACK	0x00EF
SMSG_MOVE_LAND_WALK	0x00DF
SMSG_MOVE_NORMAL_FALL	0x00F3
SMSG_MOVE_SET_ACTIVE_MOVER	0x11B3
SMSG_MOVE_SET_CAN_FLY	0x0343
SMSG_MOVE_SET_CAN_TRANSITION_BETWEEN_SWIM_AND_FLY	0x033E
SMSG_MOVE_SET_COLLISION_HGT	0x0516
SMSG_MOVE_SET_HOVER	0x00F4
SMSG_MOVE_UNSET_CAN_FLY	0x0344
SMSG_MOVE_UNSET_CAN_TRANSITION_BETWEEN_SWIM_AND_FLY	0x033F
SMSG_MOVE_UNSET_HOVER	0x00F5
SMSG_MOVE_WATER_WALK	0x00DE
SMSG_MULTIPLE_MOVES	0x051E
SMSG_MULTIPLE_PACKETS	0x04CD
SMSG_NAME_QUERY_RESPONSE	0x0051
SMSG_NEW_TAXI_PATH	0x01AF
SMSG_NEW_WORLD	0x79B1
SMSG_NOTIFICATION	0x01CB
SMSG_NOTIFY_DANCE	0x044A
SMSG_NOTIFY_DEST_LOC_SPELL_CAST	0x048E
SMSG_NPC_TEXT_UPDATE	0x0180
SMSG_NPC_WONT_TALK	0x0181
SMSG_OFFER_PETITION_ERROR	0x038F
SMSG_ON_CANCEL_EXPECTED_RIDE_VEHICLE_AURA	0x049D
SMSG_OPEN_CONTAINER	0x0113
SMSG_OPEN_LFG_DUNGEON_FINDER	0x0515
SMSG_OVERRIDE_LIGHT	0x0412
SMSG_PAGE_TEXT_QUERY_RESPONSE	0x2B14
SMSG_PARTYKILLLOG	0x01F5
SMSG_PARTY_COMMAND_RESULT	0x007F
SMSG_PARTY_MEMBER_STATS	0x007E
SMSG_PARTY_MEMBER_STATS_FULL	0x02F2
SMSG_PAUSE_MIRROR_TIMER	0x01DA
SMSG_PERIODICAURALOG	0x024E
SMSG_PETGODMODE	0x2E36
SMSG_PETITION_QUERY_RESPONSE	0x01C7
SMSG_PETITION_SHOWLIST	0x01BC
SMSG_PETITION_SHOW_SIGNATURES	0x01BF
SMSG_PETITION_SIGN_RESULTS	0x01C1
SMSG_PET_ACTION_FEEDBACK	0x02C6
SMSG_PET_ACTION_SOUND	0x0324
SMSG_PET_BROKEN	0x02AF
SMSG_PET_CAST_FAILED	0x0138
SMSG_PET_DISMISS_SOUND	0x0325
SMSG_PET_GUIDS	0x04AA
SMSG_PET_LEARNED_SPELL	0x0499
SMSG_PET_MODE	0x017A
SMSG_PET_NAME_INVALID	0x0178
SMSG_PET_NAME_QUERY_RESPONSE	0x4C37
SMSG_PET_RENAMEABLE	0x0475
SMSG_PET_SPELLS	0x0179
SMSG_PET_TAME_FAILURE	0x0173
SMSG_PET_UNLEARNED_SPELL	0x049A
SMSG_PET_UNLEARN_CONFIRM	0x02F1
SMSG_PET_UPDATE_COMBO_POINTS	0x0492
SMSG_PHASE_SHIFT_CHANGE	0x70A0
SMSG_PLAYED_TIME	0x01CD
SMSG_PLAYERBINDERROR	0x01B6
SMSG_PLAYERBOUND	0x0158
SMSG_PLAYER_SKINNED	0x02BC
SMSG_PLAYER_VEHICLE_DATA	0x04A7
SMSG_PLAY_DANCE	0x044C
SMSG_PLAY_MUSIC	0x0277
SMSG_PLAY_OBJECT_SOUND	0x0278
SMSG_PLAY_SOUND	0x02D2
SMSG_PLAY_SPELL_IMPACT	0x01F7
SMSG_PLAY_SPELL_VISUAL	0x01F3
SMSG_PLAY_TIME_WARNING	0x02F5
SMSG_PONG	0x4D42
SMSG_POWER_UPDATE	0x4A07
SMSG_PRE_RESURRECT	0x0494
SMSG_PROCRESIST	0x0260
SMSG_PROFILEDATA_RESPONSE	0x04CA
SMSG_PROPOSE_LEVEL_GRANT	0x041F
SMSG_PVP_CREDIT	0x028C
SMSG_PVP_QUEUE_STATS	0x04DC
SMSG_QUERY_OBJECT_POSITION	0x0005
SMSG_QUERY_OBJECT_ROTATION	0x0007
SMSG_QUERY_QUESTS_COMPLETED_RESPONSE	0x0501
SMSG_QUERY_TIME_RESPONSE	0x01CF
SMSG_QUESTGIVER_OFFER_REWARD	0x018D
SMSG_QUESTGIVER_QUEST_COMPLETE	0x0191
SMSG_QUESTGIVER_QUEST_DETAILS	0x0188
SMSG_QUESTGIVER_QUEST_FAILED	0x0192
SMSG_QUESTGIVER_QUEST_INVALID	0x018F
SMSG_QUESTGIVER_QUEST_LIST	0x0185
SMSG_QUESTGIVER_REQUEST_ITEMS	0x018B
SMSG_QUESTGIVER_STATUS	0x0183
SMSG_QUESTGIVER_STATUS_MULTIPLE	0x4F25
SMSG_QUESTLOG_FULL	0x0195
SMSG_QUESTUPDATE_ADD_ITEM	0x019A
SMSG_QUESTUPDATE_ADD_KILL	0x0199
SMSG_QUESTUPDATE_ADD_PVP_KILL	0x046F
SMSG_QUESTUPDATE_COMPLETE	0x0198
SMSG_QUESTUPDATE_FAILED	0x0196
SMSG_QUESTUPDATE_FAILEDTIMER	0x0197
SMSG_QUEST_CONFIRM_ACCEPT	0x019C
SMSG_QUEST_FORCE_REMOVE	0x021E
SMSG_QUEST_POI_QUERY_RESPONSE	0x01E4
SMSG_QUEST_QUERY_RESPONSE	0x6936
SMSG_RAID_GROUP_ONLY	0x0286
SMSG_RAID_INSTANCE_INFO	0x02CC
SMSG_RAID_INSTANCE_MESSAGE	0x02FA
SMSG_RAID_READY_CHECK_ERROR	0x0408
SMSG_READ_ITEM_FAILED	0x00AF
SMSG_READ_ITEM_OK	0x00AE
SMSG_REALM_SPLIT	0x2714
SMSG_REAL_GROUP_UPDATE	0x0397
SMSG_RECEIVED_MAIL	0x0285
SMSG_REDIRECT_CLIENT	0x050D
SMSG_REFER_A_FRIEND_EXPIRED	0x4934
SMSG_REFER_A_FRIEND_FAILURE	0x0421
SMSG_REMOVED_FROM_PVP_QUEUE	0x0170
SMSG_REMOVED_SPELL	0x0203
SMSG_REPORT_PVP_AFK_RESULT	0x03E5
SMSG_RESET_FAILED_NOTIFY	0x0396
SMSG_RESET_RANGED_COMBAT_TIMER	0x0298
SMSG_RESISTLOG	0x01D6
SMSG_RESPOND_INSPECT_ACHIEVEMENTS	0x046C
SMSG_RESUME_CAST_BAR	0x014D
SMSG_RESURRECT_FAILED	0x0252
SMSG_RESURRECT_REQUEST	0x015B
SMSG_RESYNC_RUNES	0x6224
SMSG_RWHOIS	0x01FE
SMSG_SCRIPT_MESSAGE	0x02B6
SMSG_SELL_ITEM	0x01A1
SMSG_SEND_ALL_COMBAT_LOG	0x0514
SMSG_SEND_KNOWN_SPELLS	0x0104
SMSG_SEND_MAIL_RESULT	0x0239
SMSG_SEND_UNLEARN_SPELLS	0x4E25
SMSG_SERVERINFO	0x04F5
SMSG_SERVERTIME	0x6327
SMSG_SERVER_BUCK_DATA	0x041D
SMSG_SERVER_BUCK_DATA_START	0x04A3
SMSG_SERVER_FIRST_ACHIEVEMENT	0x0498
SMSG_SERVER_INFO_RESPONSE	0x04A1
SMSG_SETUP_CURRENCY	0x15A5
SMSG_SET_EXTRA_AURA_INFO_NEED_UPDATE_OBSOLETE	0x03A5
SMSG_SET_EXTRA_AURA_INFO_OBSOLETE	0x03A4
SMSG_SET_FACTION_ATWAR	0x0313
SMSG_SET_FACTION_STANDING	0x0124
SMSG_SET_FACTION_VISIBLE	0x0123
SMSG_SET_FLAT_SPELL_MODIFIER	0x2834
SMSG_SET_FORCED_REACTIONS	0x4615
SMSG_SET_PCT_SPELL_MODIFIER	0x0224
SMSG_SET_PHASE_SHIFT	0x047C
SMSG_SET_PLAYER_DECLINED_NAMES_RESULT	0x041A
SMSG_SET_PROFICIENCY	0x6207
SMSG_SET_PROJECTILE_POSITION	0x04BF
SMSG_SHOWTAXINODES	0x01A9
SMSG_SHOW_BANK	0x01B8
SMSG_SHOW_MAILBOX	0x0297
SMSG_SOCKET_GEMS_RESULT	0x050B
SMSG_SPELLBREAKLOG	0x014F
SMSG_SPELLDAMAGESHIELD	0x024F
SMSG_SPELLDISPELLOG	0x027B
SMSG_SPELLENERGIZELOG	0x0151
SMSG_SPELLHEALLOG	0x0150
SMSG_SPELLINSTAKILLLOG	0x032F
SMSG_SPELLLOGEXECUTE	0x024C
SMSG_SPELLLOGMISS	0x024B
SMSG_SPELLNONMELEEDAMAGELOG	0x0250
SMSG_SPELLORDAMAGE_IMMUNE	0x0263
SMSG_SPELLSTEALLOG	0x0333
SMSG_SPELL_CHANCE_PROC_LOG	0x03AA
SMSG_SPELL_CHANCE_RESIST_PUSHBACK	0x0404
SMSG_SPELL_COOLDOWN	0x0134
SMSG_SPELL_DELAYED	0x01E2
SMSG_SPELL_FAILED_OTHER	0x02A6
SMSG_SPELL_FAILURE	0x0133
SMSG_SPELL_GO	0x6E16
SMSG_SPELL_START	0x0131
SMSG_SPELL_UPDATE_CHAIN_TARGETS	0x0330
SMSG_SPIRIT_HEALER_CONFIRM	0x0222
SMSG_SPLINE_MOVE_FEATHER_FALL	0x0305
SMSG_SPLINE_MOVE_GRAVITY_DISABLE	0x04D3
SMSG_SPLINE_MOVE_GRAVITY_ENABLE	0x04D4
SMSG_SPLINE_MOVE_LAND_WALK	0x030A
SMSG_SPLINE_MOVE_NORMAL_FALL	0x0306
SMSG_SPLINE_MOVE_ROOT	0x031A
SMSG_SPLINE_MOVE_SET_FLYING	0x0422
SMSG_SPLINE_MOVE_SET_HOVER	0x0307
SMSG_SPLINE_MOVE_SET_RUN_MODE	0x030D
SMSG_SPLINE_MOVE_SET_WALK_MODE	0x030E
SMSG_SPLINE_MOVE_START_SWIM	0x030B
SMSG_SPLINE_MOVE_STOP_SWIM	0x030C
SMSG_SPLINE_MOVE_UNROOT	0x0304
SMSG_SPLINE_MOVE_UNSET_FLYING	0x0423
SMSG_SPLINE_MOVE_UNSET_HOVER	0x0308
SMSG_SPLINE_MOVE_WATER_WALK	0x0309
SMSG_SPLINE_SET_FLIGHT_BACK_SPEED	0x0386
SMSG_SPLINE_SET_FLIGHT_SPEED	0x0385
SMSG_SPLINE_SET_PITCH_RATE	0x045E
SMSG_SPLINE_SET_RUN_BACK_SPEED	0x02FF
SMSG_SPLINE_SET_RUN_SPEED	0x02FE
SMSG_SPLINE_SET_SWIM_BACK_SPEED	0x0302
SMSG_SPLINE_SET_SWIM_SPEED	0x0300
SMSG_SPLINE_SET_TURN_RATE	0x0303
SMSG_SPLINE_SET_WALK_SPEED	0x0301
SMSG_STABLE_RESULT	0x0273
SMSG_STANDSTATE_UPDATE	0x029D
SMSG_START_MIRROR_TIMER	0x01D9
SMSG_STOP_DANCE	0x044F
SMSG_STOP_MIRROR_TIMER	0x01DB
SMSG_SUMMON_CANCEL	0x0424
SMSG_SUMMON_REQUEST	0x02AB
SMSG_SUPERCEDED_SPELL	0x012C
SMSG_SUSPEND_COMMS	0x050F
SMSG_TALENTS_INFO	0x6F26
SMSG_TALENTS_INVOLUNTARILY_RESET	0x04FA
SMSG_TAXINODE_STATUS	0x01AB
SMSG_TEST_DROP_RATE_RESULT	0x0295
SMSG_TEXT_EMOTE	0x0105
SMSG_THREAT_CLEAR	0x0485
SMSG_THREAT_REMOVE	0x0484
SMSG_THREAT_UPDATE	0x0483
SMSG_TIME_SYNC_REQ	0x3CA4
SMSG_TITLE_EARNED	0x0373
SMSG_TOGGLE_XP_GAIN	0x04ED
SMSG_TOTEM_CREATED	0x0413
SMSG_TRADE_STATUS	0x0120
SMSG_TRADE_STATUS_EXTENDED	0x0121
SMSG_TRAINER_BUY_FAILED	0x01B4
SMSG_TRAINER_BUY_SUCCEEDED	0x01B3
SMSG_TRAINER_LIST	0x01B1
SMSG_TRANSFER_ABORTED	0x0537
SMSG_TRANSFER_PENDING	0x18A6
SMSG_TRIGGER_CINEMATIC	0x6C27
SMSG_TRIGGER_MOVIE	0x0464
SMSG_TURN_IN_PETITION_RESULTS	0x01C5
SMSG_TUTORIAL_FLAGS	0x0B35
SMSG_UPDATE_ACCOUNT_DATA	0x6837
SMSG_UPDATE_ACCOUNT_DATA_COMPLETE	0x2015
SMSG_UPDATE_ACTION_BUTTONS	0x38B5
SMSG_UPDATE_COMBO_POINTS	0x039D
SMSG_UPDATE_INSTANCE_ENCOUNTER_UNIT	0x0214
SMSG_UPDATE_INSTANCE_OWNERSHIP	0x032B
SMSG_UPDATE_LAST_INSTANCE	0x0320
SMSG_UPDATE_LFG_LIST	0x0360
SMSG_UPDATE_OBJECT	0x4715
SMSG_UPDATE_WORLD_STATE	0x4816
SMSG_USERLIST_ADD	0x03F0
SMSG_USERLIST_REMOVE	0x03F1
SMSG_USERLIST_UPDATE	0x03F2
SMSG_VOICESESSION_FULL	0x03FC
SMSG_VOICE_CHAT_STATUS	0x03E3
SMSG_VOICE_PARENTAL_CONTROLS	0x03B1
SMSG_VOICE_SESSION_ADJUST_PRIORITY	0x03A0
SMSG_VOICE_SESSION_ENABLE	0x03B0
SMSG_VOICE_SESSION_LEAVE	0x039F
SMSG_VOICE_SESSION_ROSTER_UPDATE	0x039E
SMSG_VOICE_SET_TALKER_MUTED	0x03A2
SMSG_WARDEN_DATA	0x31A0
SMSG_WEATHER	0x02F4
SMSG_WHO	0x6907
SMSG_WHOIS	0x6917
SMSG_WORLD_SERVER_INFO	0x31A2
SMSG_WORLD_STATE_UI_TIMER_UPDATE	0x04F7
SMSG_ZONE_MAP	0x000B
SMSG_ZONE_UNDER_ATTACK	0x0254
TC9_CMSG_PREPARE_FOR_REDIRECT	0x051F
TC9_SMSG_READY_FOR_REDIRECT	0x0520
UMSG_DELETE_GUILD_CHARTER	0x02C0
UMSG_UPDATE_GROUP_INFO	0x04FE
UMSG_UPDATE_GROUP_MEMBERS	0x0080
UMSG_UPDATE_GUILD	0x0094
